Timestamp,What is your gender?,How old are you in years? (Number only),How tall are you in inches?  (Number only),What is your shoe size in the US (Number only),What is your favorite TV show?,What is your favorite color?,"Please write 7 adjectives to describe yourself separated by a comma (,).","Please write 7 activities you enjoy separated by a comma (,)"
2016/06/28 10:22:37 AM AST,Female,11,62,6.5,None,Violet,"weird, funny, smart, directive, creative, loving, forgetful","babysitting, sleeping, waterskiing, field hockey, lacrosse, snow skiing, spying. "
2016/06/28 10:37:15 AM AST,Female,12,53,4,The Middle,Blue,"musical, food-lover, active, happy, short, loving, dog-lover","gymnastics, diving, viola, piano, swimming, running, jumping"
2016/06/28 10:37:54 AM AST,Female,12,55,6,Gossip Girl,Blue,"musical, unique, awkward, loyal, loving, inventive, a lover of all animals(except for gerbils)","guitar, voice, cello, history, dance, video games, reading."
2016/06/28 10:39:27 AM AST,Female,13,69,10,None,Orange,"fun, weird, caring, tall, sporty, cat-loving, over-active","basketball, playing video games, drawing, writing, doodling, running, hanging out with friends"
2016/06/28 10:39:56 AM AST,Female,11,58,6,The Thundermans,Teal,"weird, funny, smart, bookworm, happy, joyful, creative.","reading, soccer, drawing, making, building, eating, computer games"
2016/06/28 10:41:10 AM AST,Female,13,64,8,Backstage,Green,"Happy, smart, chatty, creative, focused, busy, night person","Reading, studying, field hockey, volleyball, anything to do with school, traveling, using tinkercad "
2016/06/28 10:41:43 AM AST,Female,11.5,56.5,5.5,None,Pink,"Energetic, Leading, Pretty, Creative, Helpful, Attentive, Kind","Tennis, Pingpong, Bike Riding, Watching Movies, Spending time with my family, Vacationing, Tetherball."
2016/06/28 3:27:01 PM AST,Female,10,62,6.5,PowerPuff Girls,Green,"smart, funny, weird, inside person, computer lover, curious, bookworm","watching TV, watching YouTube, animating on scratch, walking,  buying stuff,  doing stuff on Roblox and reading"
