Timestamp,What is your gender?,How old are you in years? (Number only),How tall are you in inches?  (Number only),What is your shoe size in the US (Number only),What is your favorite TV show?,What is your favorite color?,"Please write 7 adjectives to describe yourself separated by a comma (,).","Please write 7 activities you enjoy separated by a comma (,)"
2016/06/27 2:59:16 PM AST,Female,24,63,6.5,Smallville,Green,"smart, funny, worried, happy, tired, clumsy, absent-minded","tennis, softball, frisbee, bbqs, friends, coding, statistics"
2016/06/27 3:09:39 PM AST,Male,25,83,9.5,Game of Thrones,Blue,"curious, funny, talkative, optimistic, clever, young, energetic","sleep, eat, swim, read, watch baseball, chat, taking a shower"
2016/06/27 3:15:53 PM AST,Female,22,64,7,The Good Wife,Teal,"Tired, Ambitious, kinda funny, easy going, introverted, nerdy, white","Softball, Yoga, Reading, Netflix, Hiking, Eating, Sleeping"
2016/06/27 3:22:39 PM AST,Female,29,68,8,The Walking Dead,Green,"easygoing, funny, quiet, nerdy, unique, ambitious, ambivalent","cooking, birdwatching, camping, fishing, baking, music, gardening"
2016/06/27 3:24:02 PM AST,Female,24,63,7,The Mentalist,Pink,"Irritable, observant, hospitable, logical, gullible, creative, sincere","Reading, big dinners with family/friends, playing video games, gardening, playing piano, kayaking, watching movies"
2016/06/27 3:24:34 PM AST,Male,30,71,11.5,Game of Thrones,Blue,"sporty, fun, easy-going, thoughtful, smart, kind, caring","skiing, field hockey, softball, kickball, board games, grilling, astronomy"
2016/06/27 3:25:16 PM AST,Male,30,74,12.5,Silicon Valley,Red,"Smart, athletic, genuine, funny, technological, detailed, honest","Playing hockey, playing softball/baseball, video games, eating, listening to music, attending concerts, watching TV/movies"
2016/06/27 3:40:30 PM AST,Male,23,69,11,Smallville,Blue,"loving, caring, nice, thoughtful, stubborn, respectful, sporty","baseball, hockey, softball, coding, football, fishing, hiking"
2016/06/27 3:42:52 PM AST,Male,29,73,12,The Bachelorette,Pink,"lanky, bespectacled, irascible, flamboyant, pedantic, manipulative, insincere","washing dishes, filling out paperwork, treading water, SoulCycle (TM), reading obituaries, taking lukewarm showers, watching other people untie knots"
2016/06/27 3:56:36 PM AST,Male,26,69,12,The Blacklist,Blue,"Enigmatic, Charismatic, Draconian, Grumpy, Overconfident, Truculent. Zippy","Reading, Riting, Rithmatic, Candymaking, Winetasting, Racketeering, Fenestration "
2016/06/27 4:05:17 PM AST,Male,27,70,10,Game of Thrones,Green,"thoughtful,caring,introverted,slow,happy,curious,nerdy","softball,boardgames,jogging,swimming,reading,eating,sleeping"
2016/06/27 4:06:48 PM AST,Male,27,70,10,Game of Thrones,Blue,"warm, generous, patient, carefree, soft-spoken, thoughtful, religious","watching football, reading, cooking, going to the gym, watching movies, spending time with my family, ice skating"
2016/06/27 4:09:06 PM AST,Female,29,69,10,Modern Family ,Blue,"happy,spontaneous,loyal,dedicated,thoughtful,creative,conscientious","dancing,fine dining,boating,swimming,photography,travelling,hiking"
2016/06/27 4:34:59 PM AST,Male,30,72,12,Top Gear,Blue,"calm, gentle, happy, industrious, kind-hearted, quiet, reflective","softball, hockey, television, reading, eating, sleeping, gazing"
2016/06/27 4:37:21 PM AST,Male,25,69,10,Thundercats,Red,"magical, brave, loyal, scarred, near-sighted, untidy, famous","quidditch, visiting Hogsmeade, caring for animals, hanging out with friends, riding trains, exploring places that are forbidden, learning about history"
2016/06/27 4:44:13 PM AST,Male,26,55,8,Better off Ted,Green,"Short, stubborn, smart, sarcastic, absent-minded, friendly, obsessive ","Softball, sleeping, reading, hiking, grilling, biking, playing board games"
2016/06/27 5:07:18 PM AST,Female,29,67,9,Unreal,Orange,"Fun, smart, awkward, average, blond, athletic, friendly ","Reading, hiking, coaching, baking, swimming, kayaking, going out with friends"
2016/06/27 5:43:52 PM AST,Male,24,72,11.5,Sherlock,Gold,"curious, intelligent, eccentric, clever, independent, amazing, humble","reading, hiking, learning, playing board games, playing sports, doing stats, stargazing"
